term_dist,mbal_no_tributaries,adj_mbal_1,adj_mbal_2,reduced_smoothed
0,-5.4647,-5.4647,-5.4647,-5.4647
100,-5.4347,-5.4347,-5.4347,-5.4347
200,-5.4047,-5.4047,-5.4047,-5.4047
300,-5.3747,-5.3747,-5.3747,-5.3747
400,-5.3447,-5.3447,-5.3447,-5.3447
500,-5.3147,-5.3147,-5.3147,-5.3147
600,-5.2847,-5.2847,-5.2847,-5.2847
700,-5.2547,-5.2547,-5.2547,-5.2547
800,-5.2247,-5.2247,-5.2247,-5.2247
900,-5.1947,-5.1947,-5.1947,-5.1947
1000,-5.1647,-5.1647,-5.1647,-5.1647
1100,-5.1347,-5.1347,-5.1347,-5.1347
1200,-5.1047,-5.1047,-5.1047,-5.1047
1300,-5.0747,-5.0747,-5.0747,-5.0747
1400,-5.0447,-5.0447,-5.0447,-5.0447
1500,-5.0147,-5.0147,-5.0147,-5.0147
1600,-4.9847,-4.9847,-4.9847,-4.9847
1700,-4.9547,-4.9547,-4.9547,-4.9547
1800,-4.9247,-4.9247,-4.9247,-4.9247
1900,-4.8947,-4.8947,-4.8947,-4.8947
2000,-4.8647,-4.8647,-4.8647,-4.8647
2100,-4.8347,-4.8347,-4.8347,-4.8347
2200,-4.8047,-4.8047,-4.8047,-4.8047
2300,-4.7747,-4.7747,-4.7747,-4.7747
2400,-4.7447,-4.7447,-4.7447,-4.7447
2500,-4.7147,-4.7147,-4.7147,-4.7147
2600,-4.6847,-4.6847,-4.6847,-4.6847
2700,-4.6547,-4.6547,-4.6547,-4.6547
2800,-4.6247,-4.6247,-4.6247,-4.6247
2900,-4.5947,-4.5947,-4.5947,-4.5947
3000,-4.5647,-4.5647,-4.5647,-4.5647
3100,-4.5347,-4.5347,-4.5347,-4.5347
3200,-4.5047,-4.5047,-4.5047,-4.5047
3300,-4.4747,-4.4747,-4.4747,-4.4747
3400,-4.4447,-4.4447,-4.4447,-4.4447
3500,-4.4147,-4.4147,-4.4147,-4.4147
3600,-4.3847,-4.3847,-4.3847,-4.3847
3700,-4.3547,-4.3547,-4.3547,-4.3547
3800,-4.3247,-4.3247,-4.3247,-4.3247
3900,-4.2947,-4.2947,-4.2947,-4.2947
4000,-4.2647,-4.2647,-4.2647,-4.2647
4100,-4.2347,-4.2347,-4.2347,-4.2347
4200,-4.2047,-4.2047,-4.2047,-4.2047
4300,-4.1747,-4.1747,-4.1747,-4.1747
4400,-4.1447,-4.1447,-4.1447,-4.1447
4500,-4.1147,-4.1147,-4.1147,-4.1147
4600,-4.0847,-4.0847,-4.0847,-4.0847
4700,-4.0547,-4.0547,-4.0547,-4.0547
4800,-4.0247,-4.0247,-4.0247,-4.0247
4900,-3.9947,-3.9947,-3.9947,-3.9947
5000,-3.9647,-3.9647,-3.9647,-3.9647
5100,-3.9347,-3.9347,-3.9347,-3.9347
5200,-3.9047,-3.9047,-3.9047,-3.9047
5300,-3.8747,-3.8747,-3.8747,-3.8747
5400,-3.8447,-3.8447,-3.8447,-3.8447
5500,-3.8147,-3.8147,-3.8147,-3.8147
5600,-3.7847,-3.7847,-3.7847,-3.7847
5700,-3.7547,-3.7547,-3.7547,-3.7547
5800,-3.7247,-3.7247,-3.7247,-3.7247
5900,-3.6947,-3.6947,-3.6947,-3.6947
6000,-3.6647,-3.6647,-3.6647,-3.6647
6100,-3.6347,-3.6347,-3.6347,-3.6347
6200,-3.6047,-3.6047,-3.6047,-3.6047
6300,-3.5747,-3.5747,-3.5747,-3.5747
6400,-3.5447,-3.5447,-3.5447,-3.5447
6500,-3.5147,-3.5147,-3.5147,-3.5147
6600,-3.4847,-3.4847,-3.4847,-3.4847
6700,-3.4547,-3.4547,-3.4547,-3.4547
6800,-3.4247,-3.4247,-3.4247,-3.4247
6900,-3.3947,-3.3947,-3.3947,-3.3947
7000,-3.3647,-3.3647,-3.3647,-3.3647
7100,-3.3347,-3.3347,-3.3347,-3.3347
7200,-3.3047,-3.3047,-3.3047,-3.3047
7300,-3.2747,-3.2747,-3.2747,-3.2747
7400,-3.2447,-3.2447,-3.2447,-3.2447
7500,-3.2147,-3.2147,-3.2147,-3.2147
7600,-3.1847,-3.1847,-3.1847,-3.1847
7700,-3.1547,-3.1547,-3.1547,-3.1547
7800,-3.1247,-3.1247,-3.1247,-3.1247
7900,-3.0947,-3.0947,-3.0947,-3.0947
8000,-3.0647,-3.0647,-3.0647,-3.0647
8100,-3.0347,-3.0347,-3.0347,-3.0347
8200,-3.0047,-3.0047,-3.0047,-3.0047
8300,-2.9747,-2.9747,-2.9747,-2.9747
8400,-2.9447,-2.9447,-2.9447,-2.9447
8500,-2.9147,-2.9147,-2.9147,-2.9147
8600,-2.8847,-2.8847,-2.8847,-2.8847
8700,-2.8547,-2.8547,-2.8547,-2.8547
8800,-2.8247,-83.40506356,-2.8247,-40.84291499
8900,-2.7947,-478.1142144,-2.7947,-40.812915
9000,-2.7647,-483.318492,-2.7647,-40.782915
9100,-2.7347,-567.9629114,-2.7347,-40.752915
9200,-2.7047,-444.9391382,-2.7047,-40.722915
9300,-2.6747,-384.3482376,-2.6747,-40.692915
9400,-2.6447,-499.3762655,-2.6447,-40.662915
9500,-2.6147,-493.473129,-2.6147,-40.632915
9600,-2.5847,-610.8761398,-610.8761398,-40.602915
9700,-2.5547,-658.8097968,-2.5547,-40.572915
9800,-2.5247,-727.0852456,-2.5247,-40.542915
9900,-2.4947,-708.3334248,-2.4947,-40.512915
10000,-2.4647,-604.2849355,-2.4647,-40.482915
10100,-2.4347,-525.4268632,-2.4347,-40.452915
10200,-2.4047,-502.9848301,-2.4047,-40.422915
10300,-2.3747,-303.1272308,-2.3747,-40.392915
10400,-2.3447,-353.2372579,-2.3447,-40.362915
10500,-2.3147,-2.3147,-2.3147,-2.3147
10600,-2.2847,-2.2847,-2.2847,-2.2847
10700,-2.2547,-2.2547,-2.2547,-2.2547
10800,-2.2247,-2.2247,-2.2247,-2.2247
10900,-2.1947,-2.1947,-2.1947,-2.1947
11000,-2.1647,-2.1647,-2.1647,-2.1647
11100,-2.1347,-2.1347,-2.1347,-2.1347
11200,-2.1047,-2.1047,-2.1047,-2.1047
11300,-2.0747,-2.0747,-2.0747,-2.0747
11400,-2.0447,-2.0447,-2.0447,-2.0447
11500,-2.0147,-2.0147,-2.0147,-2.0147
11600,-1.9847,-1.9847,-1.9847,-1.9847
11700,-1.9547,-1.9547,-1.9547,-1.9547
11800,-1.9247,-1.9247,-1.9247,-1.9247
11900,-1.8947,-1.8947,-1.8947,-1.8947
12000,-1.8647,-1.8647,-1.8647,-1.8647
12100,-1.8347,-1.8347,-1.8347,-1.8347
12200,-1.8047,-1.8047,-1.8047,-1.8047
12300,-1.7747,-1.7747,-1.7747,-1.7747
12400,-1.7447,-1.7447,-1.7447,-1.7447
12500,-1.7147,-1.7147,-1.7147,-1.7147
12600,-1.6847,-1.6847,-1.6847,-1.6847
12700,-1.6547,-1.6547,-1.6547,-1.6547
12800,-1.6247,-1.6247,-1.6247,-1.6247
12900,-1.5947,-1.5947,-1.5947,-1.5947
13000,-1.5647,-1.5647,-1.5647,-1.5647
13100,-1.5347,-1.5347,-1.5347,-1.5347
13200,-1.5047,-1.5047,-1.5047,-1.5047
13300,-1.4747,-1.4747,-1.4747,-1.4747
13400,-1.4447,-1.4447,-1.4447,-1.4447
13500,-1.4147,-1.4147,-1.4147,-1.4147
13600,-1.3847,-1.3847,-1.3847,-1.3847
13700,-1.3547,-1.3547,-1.3547,-1.3547
13800,-1.3247,-1.3247,-1.3247,-1.3247
13900,-1.2947,-1.2947,-1.2947,-1.2947
14000,-1.2647,-1.2647,-1.2647,-1.2647
14100,-1.2347,-1.2347,-1.2347,-1.2347
14200,-1.2047,-1.2047,-1.2047,-1.2047
14300,-1.1747,-1.1747,-1.1747,-1.1747
14400,-1.1447,-1.1447,-1.1447,-1.1447
14500,-1.1147,-1.1147,-1.1147,-1.1147
14600,-1.0847,-1.0847,-1.0847,-1.0847
14700,-1.0547,-1.0547,-1.0547,-1.0547
14800,-1.0247,-1.0247,-1.0247,-1.0247
14900,-0.9947,-0.9947,-0.9947,-0.9947
15000,-0.9647,-0.9647,-0.9647,-0.9647
15100,-0.9347,-0.9347,-0.9347,-0.9347
15200,-0.9047,-0.9047,-0.9047,-0.9047
15300,-0.8747,-0.8747,-0.8747,-0.8747
15400,-0.8447,-0.8447,-0.8447,-0.8447
15500,-0.8147,-0.8147,-0.8147,-0.8147
15600,-0.7847,-0.7847,-0.7847,-0.7847
15700,-0.7547,-0.7547,-0.7547,-0.7547
15800,-0.7247,-0.7247,-0.7247,-0.7247
15900,-0.6947,-0.6947,-0.6947,-0.6947
16000,-0.6647,-0.6647,-0.6647,-0.6647
16100,-0.6347,-0.6347,-0.6347,-0.6347
16200,-0.6047,-0.6047,-0.6047,-0.6047
16300,-0.5747,-0.5747,-0.5747,-0.5747
16400,-0.5447,-0.5447,-0.5447,-0.5447
16500,-0.5147,-0.5147,-0.5147,-0.5147
16600,-0.4847,-0.4847,-0.4847,-0.4847
16700,-0.4547,-0.4547,-0.4547,-0.4547
16800,-0.4247,-0.4247,-0.4247,-0.4247
16900,-0.3947,-0.3947,-0.3947,-0.3947
17000,-0.3647,-0.3647,-0.3647,-0.3647
17100,-0.3347,-0.3347,-0.3347,-0.3347
17200,-0.3047,-0.3047,-0.3047,-0.3047
17300,-0.2747,-0.2747,-0.2747,-0.2747
17400,-0.2447,-0.2447,-0.2447,-0.2447
17500,-0.2147,-0.2147,-0.2147,-0.2147
17600,-0.1847,-0.1847,-0.1847,-0.1847
17700,-0.1547,-0.1547,-0.1547,-0.1547
17800,-0.1247,-0.1247,-0.1247,-0.1247
17900,-0.0947,-0.0947,-0.0947,-0.0947
18000,-0.0647,-0.0647,-0.0647,-0.0647
18100,-0.0347,-0.0347,-0.0347,-0.0347
18200,-0.0047,-0.0047,-0.0047,-0.0047
18300,0.0253,0.0253,0.0253,0.0253
18400,0.0553,0.0553,0.0553,0.0553
18500,0.0853,0.0853,0.0853,0.0853
18600,0.1153,0.1153,0.1153,0.1153
18700,1.6688,1.6688,1.6688,1.6688
18800,1.6988,1.6988,1.6988,1.6988
18900,1.7288,1.7288,1.7288,1.7288
19000,1.7588,1.7588,1.7588,1.7588
19100,1.7888,1.7888,1.7888,1.7888
19200,1.8188,1.8188,1.8188,1.8188
19300,1.8488,1.8488,1.8488,1.8488
19400,1.8788,1.8788,1.8788,1.8788
19500,1.9088,1.9088,1.9088,1.9088
19600,1.9388,1.9388,1.9388,1.9388
19700,1.9688,1.9688,1.9688,1.9688
19800,1.9988,1.9988,1.9988,1.9988
19900,2.0288,2.0288,2.0288,2.0288
20000,2.0588,2.0588,2.0588,2.0588
20100,2.0888,2.0888,2.0888,2.0888
20200,2.1188,2.1188,2.1188,2.1188
20300,2.1488,2.1488,2.1488,2.1488
20400,2.1788,2.1788,2.1788,2.1788
20500,2.2088,2.2088,2.2088,2.2088
20600,2.2388,2.2388,2.2388,2.2388
20700,2.2688,2.2688,2.2688,2.2688
20800,2.2988,2.2988,2.2988,2.2988
20900,2.3288,2.3288,2.3288,2.3288
21000,2.3588,2.3588,2.3588,2.3588
21100,2.3888,2.3888,2.3888,2.3888
21200,2.4188,26.63890227,2.4188,8.9316426
21300,2.4488,49.70752841,2.4488,8.9616426
21400,2.4788,71.59468654,2.4788,8.9916426
21500,2.5088,92.30037667,2.5088,9.0216426
21600,2.5388,111.8245988,2.5388,9.051642604
21700,2.5688,130.1673529,2.5688,9.0816426
21800,2.5988,147.328639,2.5988,9.1116426
21900,2.6288,163.3084571,2.6288,9.1416426
22000,2.6588,178.1068072,2.6588,9.1716426
22100,2.6888,191.7236893,2.6888,9.2016426
22200,2.7188,204.1591034,2.7188,9.2316426
22300,2.7488,215.4130495,2.7488,9.2616426
22400,2.7788,225.4855276,2.7788,9.2916426
22500,2.8088,234.3765377,2.8088,9.3216426
22600,2.8388,242.0860798,2.8388,9.3516426
22700,2.8688,248.6141539,2.8688,9.3816426
22800,2.8988,253.9607599,2.8988,9.4116426
22900,2.9288,258.125898,2.9288,9.4416426
23000,2.9588,261.1095681,2.9588,9.4716426
23100,2.9888,262.9117701,2.9888,9.5016426
23200,3.0188,263.5325042,263.5325042,9.5316426
23300,3.0488,262.9717702,3.0488,9.5616426
23400,3.0788,261.2295683,3.0788,9.5916426
23500,3.1088,258.3058983,3.1088,9.6216426
23600,3.1388,254.2007603,3.1388,9.6516426
23700,3.1688,248.9141544,3.1688,9.6816426
23800,3.1988,242.4460804,3.1988,9.7116426
23900,3.2288,234.7965384,3.2288,9.7416426
24000,3.2588,225.9655285,3.2588,9.7716426
24100,3.2888,215.9530505,3.2888,9.8016426
24200,3.3188,232.4740738,3.3188,17.35427274
24300,3.3488,246.2738914,3.3488,17.3842727
24400,3.3788,257.3525215,3.3788,17.4142727
24500,3.4088,265.7099642,3.4088,17.4442727
24600,3.4388,271.3462193,3.4388,17.4742727
24700,2.13,272.9224869,2.13,16.1654727
24800,1.71,272.666367,1.71,15.7454727
24900,1.29,269.6890596,1.29,15.3254727
25000,0.87,263.9905647,0.87,14.9054727
25100,0.45,255.5708823,0.45,14.4854727
25200,0.03,244.4300124,0.03,14.0654727
25300,-0.39,230.5679447,-0.39,7.132630143
25400,1.32,241.5162618,1.32,8.84263014
25500,2.05,249.9448594,2.05,9.57263014
25600,2.78,256.8337376,2.78,10.30263014
25700,4.0009,262.6737962,4.0009,11.52353014
25800,4.0069,265.7592353,4.0069,11.52953014
25900,3.9889,267.2809549,3.9889,11.51153014
26000,4.0129,267.304955,267.304955,11.53553014
26100,4.0189,265.7712356,4.0189,11.54153014
26200,4.0249,262.6977967,4.0249,11.54753014
26300,4.0309,258.0846384,4.0309,11.55353014
26400,4.0369,251.9317605,4.0369,11.55953014
26500,4.0429,244.2391631,4.0429,11.56553014
26600,4.0489,235.0068462,4.0489,11.57153014
26700,4.0549,224.2348098,4.0549,11.57753014
26800,4.0609,211.9230539,4.0609,11.58353014
26900,4.0669,198.0715785,4.0669,11.58953014
27000,4.0729,182.6803836,4.0729,11.59553014
27100,4.0789,165.7494692,4.0789,11.60153014
27200,4.0849,147.2788353,4.0849,11.60753014
27300,4.0909,127.2684819,4.0909,11.61353014
27400,4.0969,105.718409,4.0969,11.61953014
27500,4.1029,82.6286166,4.1029,11.62553014
27600,4.1089,57.99910469,4.1089,11.63153014
27700,4.1149,31.82987329,4.1149,11.63753014
27800,4.1209,4.1209,4.1209,4.1209
27900,4.1269,4.1269,4.1269,4.1269
28000,4.1329,4.1329,4.1329,4.1329
28100,4.1389,4.1389,4.1389,4.1389
28200,4.1449,4.1449,4.1449,4.1449
28300,4.1509,4.1509,4.1509,4.1509
28400,4.1569,4.1569,4.1569,4.1569
28500,4.1629,4.1629,4.1629,4.1629
28600,4.1689,4.1689,4.1689,4.1689
28700,4.1749,4.1749,4.1749,4.1749
28800,4.1809,4.1809,4.1809,4.1809
28900,4.1869,4.1869,4.1869,4.1869
29000,4.1929,4.1929,4.1929,4.1929
29100,4.1989,4.1989,4.1989,4.1989
29200,4.2049,4.2049,4.2049,4.2049
29300,4.2109,4.2109,4.2109,4.2109
29400,4.2169,4.2169,4.2169,4.2169
29500,4.2229,4.2229,4.2229,4.2229
29600,4.2289,4.2289,4.2289,4.2289
29700,4.2349,4.2349,4.2349,4.2349
29800,4.2409,4.2409,4.2409,4.2409
29900,4.2469,4.2469,4.2469,4.2469
30000,4.2529,4.2529,4.2529,4.2529
30100,4.2589,4.2589,4.2589,4.2589
30200,4.2649,4.2649,4.2649,4.2649
30300,4.2709,4.2709,4.2709,4.2709
30400,4.2769,4.2769,4.2769,4.2769
30500,4.2829,4.2829,4.2829,4.2829
30600,4.2889,4.2889,4.2889,4.2889
30700,4.2949,4.2949,4.2949,4.2949
30800,4.3009,4.3009,4.3009,4.3009
30900,4.3069,4.3069,4.3069,4.3069
31000,4.3129,4.3129,4.3129,4.3129
31100,4.3189,30.2470524,4.3189,11.50343082
31200,4.3249,54.39307895,4.3249,11.50943082
31300,4.3309,76.75095537,4.3309,11.51543082
31400,4.3369,97.32068167,4.3369,11.52143082
31500,4.3429,116.1022579,4.3429,11.52743082
31600,4.3489,133.0956839,4.3489,11.53343082
31700,4.3549,148.3009599,4.3549,11.53943082
31800,4.3609,161.7180857,4.3609,11.54543082
31900,4.3669,173.3470614,4.3669,11.55143082
32000,4.3729,183.187887,4.3729,11.55743082
32100,4.3789,191.2405624,4.3789,11.56343082
32200,4.3849,197.5050878,4.3849,11.56943082
32300,4.3909,201.981463,4.3909,11.57543082
32400,4.3969,204.6696881,4.3969,11.58143082
32500,4.4029,205.5697631,205.5697631,11.58743082
32600,4.4089,204.6816879,4.4089,11.59343082
32700,4.4149,202.0054627,4.4149,11.59943082
32800,4.4209,197.5410873,4.4209,11.60543082
32900,4.4269,191.2885618,4.4269,11.61143082
33000,4.4329,183.2478862,4.4329,11.61743082
33100,4.4389,194.8261094,4.4389,17.37983178
33200,4.4449,203.5719099,4.4449,17.3858318
33300,4.4509,209.4853154,4.4509,17.3918318
33400,4.4569,212.5663258,4.4569,17.3978318
33500,4.4629,212.8149412,4.4629,17.4038318
33600,4.4689,210.2311615,4.4689,17.4098318
33700,4.4749,204.8149867,4.4749,17.4158318
33800,4.4809,196.5664169,4.4809,17.4218318
33900,3.6384,184.636952,3.6384,16.5793318
34000,3.6444,170.7236187,3.6444,9.400800959
34100,3.6504,181.6941906,3.6504,9.40680096
34200,3.6564,191.6205176,3.6564,9.41280096
34300,3.6624,200.5025997,3.6624,9.41880096
34400,3.6684,208.3404368,3.6684,9.42480096
34500,3.6744,215.134029,3.6744,9.43080096
34600,3.6804,220.8833762,3.6804,9.43680096
34700,3.6864,225.5884785,3.6864,9.44280096
34800,3.6924,229.2493359,3.6924,9.44880096
34900,3.6984,231.8659483,3.6984,9.45480096
35000,3.7044,233.4383158,3.7044,9.46080096
35100,3.7104,233.9664383,233.9664383,9.46680096
35200,3.7164,233.450316,3.7164,9.47280096
35300,3.7224,231.8899486,3.7224,9.47880096
35400,3.7284,229.2853364,3.7284,9.48480096
35500,3.7344,225.6364791,3.7344,9.49080096
35600,3.7404,220.943377,3.7404,9.49680096
35700,3.7464,215.2060299,3.7464,9.50280096
35800,3.7524,208.4244379,3.7524,9.50880096
35900,3.7584,200.5986009,3.7584,9.51480096
36000,3.7644,191.728519,3.7644,9.52080096
36100,3.7704,181.8141922,3.7704,9.52680096
36200,3.7764,170.8556204,3.7764,9.53280096
36300,3.7824,158.8528037,3.7824,9.53880096
36400,3.7884,145.805742,3.7884,9.54480096
36500,3.7944,131.7144354,3.7944,9.55080096
36600,3.8004,116.5788839,3.8004,9.55680096
36700,3.8064,100.3990874,3.8064,9.56280096
36800,3.8124,83.17504596,3.8124,9.56880096
36900,3.8184,64.9067596,3.8184,9.57480096
37000,3.8244,45.5942283,3.8244,9.58080096
37100,3.8304,25.23745206,3.8304,9.58680096
37200,3.8364,3.8364,3.8364,3.8364
37300,3.8424,3.8424,3.8424,3.8424
37400,3.8484,3.8484,3.8484,3.8484
37500,3.8544,3.8544,3.8544,3.8544
37600,3.8604,3.8604,3.8604,3.8604
37700,3.8664,3.8664,3.8664,3.8664
37800,3.8724,3.8724,3.8724,3.8724
37900,3.8784,3.8784,3.8784,3.8784
38000,3.8844,3.8844,3.8844,3.8844
38100,3.8904,3.8904,3.8904,3.8904
38200,3.8964,3.8964,3.8964,3.8964
38300,3.9024,3.9024,3.9024,3.9024
38400,3.9084,3.9084,3.9084,3.9084
38500,3.9144,3.9144,3.9144,3.9144
38600,3.9204,3.9204,3.9204,3.9204
38700,6.5885,6.5885,6.5885,6.5885
38800,6.6285,6.6285,6.6285,6.6285
38900,6.6685,6.6685,6.6685,6.6685
39000,6.7085,6.7085,6.7085,6.7085
39100,6.7485,6.7485,6.7485,6.7485
39200,6.7885,6.7885,6.7885,6.7885
39300,6.8285,6.8285,6.8285,6.8285
39400,6.8685,6.8685,6.8685,6.8685
39500,6.9085,6.9085,6.9085,6.9085
39600,6.9485,6.9485,6.9485,6.9485
39700,6.9885,6.9885,6.9885,6.9885
39800,7.0285,7.0285,7.0285,7.0285
39900,7.0685,7.0685,7.0685,7.0685
40000,7.1085,7.1085,7.1085,7.1085
40100,7.1485,7.1485,7.1485,7.1485
40200,7.1885,7.1885,7.1885,7.1885
40300,7.2285,7.2285,7.2285,7.2285
40400,7.2685,7.2685,7.2685,7.2685
40500,7.3085,7.3085,7.3085,7.3085
40600,7.3485,7.3485,7.3485,7.3485
40700,7.3885,7.3885,7.3885,7.3885
40800,7.4285,7.4285,7.4285,7.4285
40900,7.4685,7.4685,7.4685,7.4685
41000,7.5085,7.5085,7.5085,7.5085
41100,7.5485,7.5485,7.5485,7.5485
41200,7.5885,7.5885,7.5885,7.5885
41300,7.6285,7.6285,7.6285,7.6285
41400,7.6685,7.6685,7.6685,7.6685
41500,7.7085,7.7085,7.7085,7.7085
41600,7.7485,7.7485,7.7485,7.7485
41700,7.7885,7.7885,7.7885,7.7885
41800,7.8285,7.8285,7.8285,7.8285
41900,7.8685,7.8685,7.8685,7.8685
42000,7.9085,7.9085,7.9085,7.9085
42100,7.9485,7.9485,7.9485,7.9485
42200,7.9885,7.9885,7.9885,7.9885
42300,8.0285,8.0285,8.0285,8.0285
42400,8.0685,8.0685,8.0685,8.0685
42500,8.1085,8.1085,8.1085,8.1085
42600,8.1485,8.1485,8.1485,8.1485
42700,8.1885,8.1885,8.1885,8.1885
42800,8.2285,8.2285,8.2285,8.2285
42900,8.2685,8.2685,8.2685,8.2685
43000,8.3085,8.3085,8.3085,8.3085
43100,8.3485,8.3485,8.3485,8.3485
43200,8.3885,8.3885,8.3885,8.3885
43300,8.4285,8.4285,8.4285,8.4285
43400,8.4685,8.4685,8.4685,8.4685
43500,8.5085,8.5085,8.5085,8.5085
43600,8.5485,8.5485,8.5485,8.5485
43700,8.5885,8.5885,8.5885,8.5885
43800,8.6285,8.6285,8.6285,8.6285
43900,8.6685,8.6685,8.6685,8.6685
44000,8.7085,8.7085,8.7085,8.7085
44100,8.7485,8.7485,8.7485,8.7485
44200,8.7885,8.7885,8.7885,8.7885
44300,8.8285,8.8285,8.8285,8.8285
44400,8.8685,8.8685,8.8685,8.8685
44500,8.9085,8.9085,8.9085,8.9085
44600,8.9485,8.9485,8.9485,8.9485
44700,8.9885,8.9885,8.9885,8.9885
44800,9.0285,9.0285,9.0285,9.0285
44900,9.0685,9.0685,9.0685,9.0685
45000,9.1085,9.1085,9.1085,9.1085
45100,9.1485,9.1485,9.1485,9.1485
45200,9.1885,9.1885,9.1885,9.1885
45300,9.2285,9.2285,9.2285,9.2285
45400,9.2685,9.2685,9.2685,9.2685
45500,9.3085,9.3085,9.3085,9.3085
45600,9.3485,9.3485,9.3485,9.3485
45700,9.3885,9.3885,9.3885,9.3885
45800,9.4285,9.4285,9.4285,9.4285
45900,9.4685,9.4685,9.4685,9.4685
46000,9.5085,9.5085,9.5085,9.5085
46100,9.5485,9.5485,9.5485,9.5485
46200,9.5885,9.5885,9.5885,9.5885
46300,9.6285,9.6285,9.6285,9.6285
46400,9.6685,9.6685,9.6685,9.6685
46500,9.7085,9.7085,9.7085,9.7085
46600,9.7485,9.7485,9.7485,9.7485
46700,9.7885,9.7885,9.7885,9.7885
46800,9.8285,9.8285,9.8285,9.8285
46900,9.8685,9.8685,9.8685,9.8685
47000,9.9085,9.9085,9.9085,9.9085
47100,9.9485,9.9485,9.9485,9.9485
47200,9.9885,9.9885,9.9885,9.9885
47300,10.0285,10.0285,10.0285,10.0285
47400,6.0357,6.0357,6.0357,6.0357
47500,6.0457,6.0457,6.0457,6.0457
47600,6.0557,6.0557,6.0557,6.0557
47700,6.0657,6.0657,6.0657,6.0657
47800,6.0757,6.0757,6.0757,6.0757
47900,6.0857,6.0857,6.0857,6.0857
48000,6.0957,6.0957,6.0957,6.0957
48100,6.1057,6.1057,6.1057,6.1057
48200,6.1157,6.1157,6.1157,6.1157
48300,6.1257,6.1257,6.1257,6.1257
48400,6.1357,6.1357,6.1357,6.1357
48500,6.1457,6.1457,6.1457,6.1457
48600,6.1557,6.1557,6.1557,6.1557
48700,6.1657,6.1657,6.1657,6.1657
48800,6.1757,6.1757,6.1757,6.1757
48900,6.1857,6.1857,6.1857,6.1857
49000,6.1957,6.1957,6.1957,6.1957
49100,6.2057,6.2057,6.2057,6.2057
49200,6.2157,6.2157,6.2157,6.2157
49300,6.2257,6.2257,6.2257,6.2257
49400,6.2357,6.2357,6.2357,6.2357
49500,6.2457,6.2457,6.2457,6.2457
49600,6.2557,6.2557,6.2557,6.2557
49700,6.2657,6.2657,6.2657,6.2657
49800,6.2757,6.2757,6.2757,6.2757
49900,6.2857,6.2857,6.2857,6.2857
50000,6.2957,6.2957,6.2957,6.2957
50100,6.3057,6.3057,6.3057,6.3057
50200,6.3157,6.3157,6.3157,6.3157
50300,6.3257,6.3257,6.3257,6.3257
50400,6.3357,6.3357,6.3357,6.3357
50500,6.3457,6.3457,6.3457,6.3457
50600,6.3557,6.3557,6.3557,6.3557
50700,6.3657,6.3657,6.3657,6.3657
50800,6.3757,6.3757,6.3757,6.3757
50900,6.3857,6.3857,6.3857,6.3857
51000,6.3957,6.3957,6.3957,6.3957
51100,6.4057,6.4057,6.4057,6.4057
51200,6.4157,6.4157,6.4157,6.4157
51300,6.4257,6.4257,6.4257,6.4257
51400,6.4357,6.4357,6.4357,6.4357
51500,6.4457,6.4457,6.4457,6.4457
51600,6.4557,6.4557,6.4557,6.4557
51700,6.4657,6.4657,6.4657,6.4657
51800,6.4757,6.4757,6.4757,6.4757
51900,6.4857,6.4857,6.4857,6.4857
52000,6.4957,6.4957,6.4957,6.4957
52100,6.5057,6.5057,6.5057,6.5057
52200,6.5157,6.5157,6.5157,6.5157
52300,6.5257,6.5257,6.5257,6.5257
52400,6.5357,6.5357,6.5357,6.5357
52500,6.5457,6.5457,6.5457,6.5457
52600,6.5557,6.5557,6.5557,6.5557
52700,6.5657,6.5657,6.5657,6.5657
52800,6.5757,6.5757,6.5757,6.5757
52900,6.5857,6.5857,6.5857,6.5857
53000,6.5957,6.5957,6.5957,6.5957
53100,6.6057,6.6057,6.6057,6.6057
53200,6.6157,6.6157,6.6157,6.6157
53300,6.6257,6.6257,6.6257,6.6257
53400,6.6357,6.6357,6.6357,6.6357
53500,6.6457,6.6457,6.6457,6.6457
53600,6.6557,6.6557,6.6557,6.6557
53700,6.6657,6.6657,6.6657,6.6657
53800,6.6757,6.6757,6.6757,6.6757
53900,6.6857,6.6857,6.6857,6.6857
54000,6.6957,6.6957,6.6957,6.6957
54100,6.7057,6.7057,6.7057,6.7057
54200,6.7157,6.7157,6.7157,6.7157
54300,6.7257,6.7257,6.7257,6.7257
54400,6.7357,6.7357,6.7357,6.7357
54500,6.7457,6.7457,6.7457,6.7457
54600,6.7557,6.7557,6.7557,6.7557
54700,6.7657,6.7657,6.7657,6.7657
54800,6.7757,6.7757,6.7757,6.7757
54900,6.7857,6.7857,6.7857,6.7857
55000,6.7957,6.7957,6.7957,6.7957
55100,6.8057,6.8057,6.8057,6.8057
55200,6.8157,6.8157,6.8157,6.8157
55300,6.8257,6.8257,6.8257,6.8257
55400,6.8357,6.8357,6.8357,6.8357
55500,6.8457,6.8457,6.8457,6.8457
55600,6.8557,6.8557,6.8557,6.8557
55700,6.8657,6.8657,6.8657,6.8657
55800,6.8757,6.8757,6.8757,6.8757
55900,6.8857,6.8857,6.8857,6.8857
56000,6.8957,6.8957,6.8957,6.8957
56100,6.9057,6.9057,6.9057,6.9057
56200,6.9157,6.9157,6.9157,6.9157
56300,6.9257,6.9257,6.9257,6.9257
56400,6.9357,6.9357,6.9357,6.9357
56500,6.9457,6.9457,6.9457,6.9457
56600,6.9557,6.9557,6.9557,6.9557
56700,6.9657,6.9657,6.9657,6.9657
56800,6.9757,6.9757,6.9757,6.9757
56900,6.9857,6.9857,6.9857,6.9857
57000,6.9957,6.9957,6.9957,6.9957